<?xml version="1.0" encoding="UTF-8"?>
<model package="modextra" baseClass="xPDOObject" platform="mysql" defaultEngine="InnoDB" version="1.1">

    <!-- Таблица баланса пользователей -->
    <object class="modExtraUserBalance" table="modextra_user_balance" extends="xPDOSimpleObject">
        <field key="user_id" dbtype="int" precision="10" attributes="unsigned" phptype="integer" null="false" />
        <field key="balance" dbtype="decimal" precision="10,2" null="false" default="0.00" />
        <field key="createdon" dbtype="datetime" phptype="datetime" null="true" default="0000-00-00 00:00:00" />
        <field key="updatedon" dbtype="datetime" phptype="datetime" null="true" default="0000-00-00 00:00:00" />

        <composite alias="UserTransaction" class="modExtraUserTransaction" local="id" foreign="balance_id" cardinality="many" owner="local" />

        <aggregate alias="User" class="modUser" local="user_id" foreign="id" cardinality="one" owner="foreign" />
        <aggregate alias="UserProfile" class="modUserProfile" local="user_id" foreign="internalKey" owner="foreign" cardinality="one" />

        <index alias="user_id" name="user_id" primary="false" unique="false" type="BTREE" >
            <column key="user_id" length="" collation="A" null="false" />
        </index>
    </object>

    <!-- Таблица транзакций -->
    <object class="modExtraUserTransaction" table="modextra_user_transaction" extends="xPDOSimpleObject">
        <field key="user_id" dbtype="int" precision="10" attributes="unsigned" phptype="integer" null="false" />
        <field key="balance_id" dbtype="int" precision="10" attributes="unsigned" phptype="integer" null="false" />
        <field key="amount" dbtype="decimal" precision="10,2" null="false" default="0.00" />
        <field key="status_id" dbtype="int" precision="10" attributes="unsigned" phptype="integer" null="true" default="0" />
        <field key="createdon" dbtype="datetime" phptype="datetime" null="true" default="0000-00-00 00:00:00" />
        <field key="updatedon" dbtype="datetime" phptype="datetime" null="true" default="0000-00-00 00:00:00" />

        <aggregate alias="UserBalance" class="modExtraUserBalance" local="balance_id" foreign="id" owner="foreign" cardinality="one" />
        <aggregate alias="UserTransactionStatus" class="modExtraUserTransactionStatus" local="status" foreign="id" cardinality="one" owner="foreign" />
        <aggregate alias="User" class="modUser" local="user_id" foreign="id" cardinality="one" owner="foreign" />
        <aggregate alias="UserProfile" class="modUserProfile" local="user_id" foreign="internalKey" owner="foreign" cardinality="one" />

        <index alias="user_id" name="user_id" primary="false" unique="false" type="BTREE" >
            <column key="user_id" length="" collation="A" null="false" />
        </index>
        <index alias="status_id" name="status_id" primary="false" unique="false" type="BTREE" >
            <column key="status_id" length="" collation="A" null="false" />
        </index>
    </object>

    <!-- Таблица статусов транзакций -->
    <object class="modExtraUserTransactionStatus" table="modextra_user_transaction_status" extends="xPDOSimpleObject">
        <field key="name" dbtype="varchar" precision="100" phptype="string" null="false" />
        <field key="description" dbtype="text" phptype="string" null="true" />
        <field key="color" dbtype="char" precision="6" phptype="string" null="true" default="000000" />
        <field key="active" dbtype="tinyint" precision="1" phptype="integer" null="true" default="1" />

        <index alias="active" name="active" primary="false" unique="false" type="BTREE" >
            <column key="active" length="" collation="A" null="false" />
        </index>

        <aggregate alias="UserTransaction" class="modExtraUserTransaction" local="id" foreign="status_id" cardinality="many" owner="local" />
    </object>

</model>
